{
  "model": "LinearSVC",
  "target_column": "faultNumber",
  "task_type": "multiclass",
  "class_labels": [
    0,
    1,
    2,
    3,
    4,
    5,
    6,
    7,
    8,
    9,
    10,
    11,
    12,
    13,
    14,
    15,
    16,
    17,
    18,
    19,
    20
  ],
  "feature_count": 52,
  "train_rows_used": 200000,
  "validation_rows_used": 50000,
  "eval_rows_used": 144000,
  "train_runs_used": 400,
  "validation_runs_used": 100,
  "eval_runs_used": 150,
  "metrics": {
    "accuracy": 0.38747916666666665,
    "precision_weighted": 0.351781703815645,
    "recall_weighted": 0.38747916666666665,
    "f1_weighted": 0.3529964109903045,
    "confusion_matrix": [
      [
        873,
        11,
        20,
        741,
        253,
        47,
        0,
        122,
        1430,
        260,
        829,
        334,
        824,
        287,
        598,
        728,
        198,
        26,
        127,
        202,
        730
      ],
      [
        141,
        6351,
        4,
        95,
        38,
        6,
        0,
        10,
        211,
        48,
        123,
        64,
        132,
        72,
        81,
        118,
        30,
        6,
        10,
        33,
        107
      ],
      [
        59,
        0,
        2380,
        37,
        14,
        4,
        0,
        7,
        57,
        24,
        49,
        31,
        45,
        15,
        28,
        57,
        16,
        2,
        12,
        9,
        34
      ],
      [
        346,
        9,
        7,
        375,
        133,
        22,
        0,
        44,
        635,
        108,
        340,
        159,
        397,
        188,
        265,
        253,
        79,
        37,
        53,
        97,
        293
      ],
      [
        143,
        2,
        2,
        97,
        6438,
        5,
        0,
        18,
        251,
        51,
        103,
        54,
        105,
        32,
        81,
        117,
        21,
        4,
        14,
        35,
        107
      ],
      [
        40,
        0,
        3,
        55,
        11,
        2396,
        0,
        6,
        85,
        21,
        50,
        14,
        38,
        19,
        34,
        42,
        9,
        0,
        10,
        11,
        36
      ],
      [
        92,
        2,
        5,
        75,
        30,
        6,
        4800,
        10,
        161,
        42,
        90,
        52,
        101,
        19,
        57,
        80,
        27,
        4,
        17,
        21,
        69
      ],
      [
        59,
        1,
        5,
        38,
        31,
        8,
        0,
        3206,
        110,
        30,
        68,
        31,
        57,
        22,
        34,
        49,
        9,
        1,
        14,
        21,
        46
      ],
      [
        173,
        898,
        767,
        119,
        79,
        20,
        0,
        23,
        2935,
        68,
        126,
        71,
        544,
        1146,
        118,
        114,
        63,
        127,
        80,
        43,
        166
      ],
      [
        433,
        11,
        7,
        362,
        145,
        25,
        0,
        71,
        760,
        186,
        519,
        178,
        495,
        176,
        342,
        407,
        109,
        21,
        78,
        117,
        358
      ],
      [
        630,
        65,
        9,
        433,
        392,
        122,
        0,
        171,
        1839,
        205,
        3613,
        213,
        1281,
        1229,
        417,
        552,
        154,
        37,
        1048,
        165,
        865
      ],
      [
        734,
        12,
        15,
        264,
        2816,
        37,
        0,
        60,
        921,
        349,
        674,
        165,
        407,
        176,
        217,
        568,
        218,
        390,
        60,
        101,
        456
      ],
      [
        84,
        7,
        3,
        64,
        48,
        289,
        0,
        21,
        179,
        27,
        71,
        24,
        562,
        867,
        63,
        43,
        14,
        9,
        412,
        12,
        81
      ],
      [
        129,
        57,
        5,
        152,
        66,
        57,
        0,
        23,
        469,
        54,
        163,
        46,
        447,
        2701,
        85,
        106,
        33,
        30,
        24,
        25,
        128
      ],
      [
        191,
        31,
        3,
        89,
        1477,
        12,
        0,
        43,
        262,
        81,
        170,
        55,
        130,
        39,
        70,
        110,
        53,
        1591,
        19,
        56,
        318
      ],
      [
        804,
        12,
        17,
        778,
        271,
        44,
        0,
        114,
        1391,
        297,
        781,
        364,
        889,
        301,
        644,
        674,
        213,
        31,
        139,
        186,
        690
      ],
      [
        469,
        39,
        23,
        685,
        81,
        65,
        0,
        34,
        432,
        143,
        376,
        261,
        262,
        2415,
        324,
        540,
        66,
        24,
        67,
        79,
        335
      ],
      [
        142,
        1,
        1,
        154,
        758,
        12,
        0,
        22,
        303,
        42,
        154,
        53,
        182,
        39,
        93,
        136,
        50,
        5338,
        28,
        41,
        131
      ],
      [
        129,
        354,
        4,
        126,
        38,
        134,
        0,
        44,
        255,
        46,
        120,
        65,
        225,
        52,
        97,
        105,
        26,
        4,
        4734,
        42,
        120
      ],
      [
        767,
        47,
        26,
        671,
        528,
        163,
        0,
        166,
        1663,
        433,
        932,
        371,
        989,
        1649,
        599,
        820,
        296,
        80,
        711,
        237,
        2292
      ],
      [
        276,
        4,
        10,
        251,
        90,
        85,
        0,
        40,
        490,
        107,
        257,
        114,
        369,
        100,
        208,
        244,
        78,
        18,
        58,
        64,
        7697
      ]
    ],
    "classification_report": {
      "0": {
        "precision": 0.13002680965147453,
        "recall": 0.10104166666666667,
        "f1-score": 0.11371629542790153,
        "support": 8640.0
      },
      "1": {
        "precision": 0.8025018953752843,
        "recall": 0.826953125,
        "f1-score": 0.8145440554059253,
        "support": 7680.0
      },
      "2": {
        "precision": 0.7177322074788902,
        "recall": 0.8263888888888888,
        "f1-score": 0.7682375726275016,
        "support": 2880.0
      },
      "3": {
        "precision": 0.06624271330153683,
        "recall": 0.09765625,
        "f1-score": 0.07893905904641617,
        "support": 3840.0
      },
      "4": {
        "precision": 0.4686612797554051,
        "recall": 0.83828125,
        "f1-score": 0.6012046505112761,
        "support": 7680.0
      },
      "5": {
        "precision": 0.6732228153975836,
        "recall": 0.8319444444444445,
        "f1-score": 0.7442149402081069,
        "support": 2880.0
      },
      "6": {
        "precision": 1.0,
        "recall": 0.8333333333333334,
        "f1-score": 0.9090909090909091,
        "support": 5760.0
      },
      "7": {
        "precision": 0.7534665099882492,
        "recall": 0.8348958333333333,
        "f1-score": 0.792093885114268,
        "support": 3840.0
      },
      "8": {
        "precision": 0.19778960846418223,
        "recall": 0.3821614583333333,
        "f1-score": 0.26066876859540833,
        "support": 7680.0
      },