{
  "accuracy": 0.29840279232111694,
  "precision_weighted": 0.32635432611649123,
  "recall_weighted": 0.29840279232111694,
  "f1_weighted": 0.25418381140752555,
  "confusion_matrix": [
    [
      219672,
      24,
      177,
      128405,
      82725,
      476,
      4,
      164,
      0,
      17286,
      170,
      132,
      0,
      9,
      64,
      547,
      629,
      22,
      0,
      22681,
      4313
    ],
    [
      39779,
      178794,
      131227,
      29694,
      18891,
      360,
      39664,
      15937,
      0,
      2917,
      38,
      1520,
      7,
      145,
      5344,
      110,
      131,
      9,
      14,
      11930,
      989
    ],
    [
      40567,
      1599,
      335238,
      23774,
      16188,
      132,
      47590,
      698,
      10,
      3310,
      30,
      24,
      0,
      57,
      83,
      106,
      123,
      11,
      6,
      7279,
      675
    ],
    [
      222428,
      23,
      182,
      135131,
      72380,
      484,
      5,
      164,
      0,
      17583,
      180,
      136,
      0,
      9,
      61,
      564,
      647,
      21,
      0,
      23027,
      4475
    ],
    [
      62483,
      13,
      53,
      27332,
      370432,
      155,
      3,
      114,
      0,
      4495,
      60,
      2444,
      0,
      6,
      134,
      176,
      189,
      52,
      0,
      8425,
      934
    ],
    [
      181067,
      814,
      18109,
      113416,
      100719,
      1045,
      476,
      1433,
      1,
      15011,
      203,
      3570,
      0,
      36,
      3884,
      382,
      513,
      1339,
      1,
      32266,
      3215
    ],
    [
      42840,
      9,
      19552,
      23836,
      16677,
      511,
      355806,
      56,
      0,
      3368,
      80,
      652,
      0,
      6,
      543,
      123,
      190,
      12,
      0,
      11617,
      1622
    ],
    [
      165145,
      1246,
      30085,
      72055,
      109416,
      1054,
      22384,
      10433,
      0,
      10455,
      152,
      6552,
      2,
      62,
      9133,
      263,
      377,
      2273,
      5,
      32772,
      3636
    ],
    [
      50029,
      15706,
      113101,
      34460,
      66931,
      10951,
      47747,
      15962,
      49,
      5728,
      290,
      12406,
      16,
      374,
      21985,
      255,
      308,
      3671,
      246,
      74004,
      3281
    ],
    [
      217879,
      22,
      177,
      128496,
      83913,
      506,
      4,
      158,
      0,
      17505,
      175,
      148,
      0,
      9,
      64,
      564,
      640,
      21,
      0,
      22824,
      4395
    ],
    [
      181205,
      143,
      672,
      120102,
      118991,
      737,
      36,
      747,
      0,
      17421,
      243,
      457,
      0,
      17,
      119,
      522,
      710,
      29,
      0,
      29611,
      5738
    ],
    [
      56897,
      20,
      133,
      36009,
      102892,
      807,
      5,
      184,
      1,
      6643,
      174,
      239734,
      0,
      8,
      17758,
      326,
      333,
      2671,
      0,
      8814,
      4091
    ],
    [
      41858,
      7410,
      114284,
      24783,
      30304,
      15161,
      48634,
      27345,
      790,
      3777,
      211,
      50111,
      5158,
      572,
      32604,
      169,
      213,
      11886,
      30655,
      27557,
      4018
    ],
    [
      53649,
      6652,
      127237,
      35787,
      54959,
      6041,
      97946,
      14140,
      144,
      6681,
      130,
      9622,
      712,
      889,
      13501,
      288,
      234,
      2319,
      6734,
      37380,
      2455
    ],
    [
      37971,
      4,
      20,
      20803,
      12453,
      80,
      9,
      47,
      0,
      2706,
      23,
      1900,
      0,
      6,
      396527,
      90,
      110,
      131,
      0,
      3959,
      661
    ],
    [
      216621,
      26,
      176,
      129308,
      83908,
      525,
      5,
      167,
      0,
      17870,
      195,
      145,
      0,
      9,
      67,
      599,
      686,
      23,
      0,
      22536,
      4634
    ],
    [
      199025,
      50,
      302,
      128408,
      98602,
      617,
      14,
      336,
      0,
      18137,
      242,
      206,
      0,
      14,
      73,
      561,
      830,
      29,
      0,
      25037,
      5017
    ],
    [
      57137,
      8,
      249,
      38327,
      88086,
      565,
      37,
      325,
      0,
      6122,
      110,
      62578,
      0,
      7,
      52782,
      230,
      313,
      158715,
      1,
      8440,
      3468
    ],
    [
      51261,
      252,
      57141,
      29355,
      31448,
      806,
      39426,
      5539,
      106,
      4137,
      52,
      2426,
      16685,
      483,
      7049,
      139,
      177,
      7324,
      213090,
      9597,
      1007
    ],
    [
      59590,
      182,
      462,
      36366,
      33676,
      1279,
      1,
      128,
      1,
      9447,
      577,
      1220,
      0,
      9,
      53,
      403,
      673,
      26,
      0,
      322037,
      11370
    ],
    [
      161547,
      53,
      383,
      118302,
      94573,
      2574,
      6,
      193,
      0,
      16976,
      693,
      2358,
      0,
      10,
      272,
      1167,
      1145,
      101,
      0,
      46840,
      30307
    ]
  ],
  "classification_report": {
    "0": {
      "precision": 0.09313463209887012,
      "recall": 0.46004607329842934,
      "f1-score": 0.1549085908714278,
      "support": 477500.0
    },
    "1": {
      "precision": 0.8392114527106314,
      "recall": 0.3744376963350785,
      "f1-score": 0.5178307146477445,
      "support": 477500.0
    },
    "2": {
      "precision": 0.3532688416793121,
      "recall": 0.7020691099476439,
      "f1-score": 0.4700279012380298,
      "support": 477500.0
    },
    "3": {
      "precision": 0.09422382193203077,
      "recall": 0.28299685863874346,
      "f1-score": 0.14137637191764807,
      "support": 477500.0
    },
    "4": {
      "precision": 0.21942891804350761,
      "recall": 0.7757738219895288,
      "f1-score": 0.34209554206007947,
      "support": 477500.0
    },
    "5": {
      "precision": 0.0232915793696786,
      "recall": 0.00218848167539267,
      "f1-score": 0.004001026100473614,
      "support": 477500.0
    },
    "6": {
      "precision": 0.508438101062872,
      "recall": 0.7451434554973821,
      "f1-score": 0.6044430401035588,
      "support": 477500.0
    },
    "7": {
      "precision": 0.11067147554895512,
      "recall": 0.021849214659685864,
      "f1-score": 0.036493695017227205,
      "support": 477500.0
    },
    "8": {
      "precision": 0.04446460980036298,
      "recall": 0.00010261780104712042,
      "f1-score": 0.00020476303901780603,
      "support": 477500.0
    },
    "9": {
      "precision": 0.08433096471155004,
      "recall": 0.036659685863874344,
      "f1-score": 0.05110389373426267,
      "support": 477500.0
    },
    "10": {
      "precision": 0.060327706057596825,
      "recall": 0.0005089005235602095,
      "f1-score": 0.0010092871027229985,
      "support": 477500.0
    },
    "11": {
      "precision": 0.6018310944642906,
      "recall": 0.5020607329842932,
      "f1-score": 0.5474372631562121,
      "support": 477500.0
    },
    "12": {
      "precision": 0.22843224092116918,
      "recall": 0.010802094240837697,
      "f1-score": 0.020628699408094704,
      "support": 477500.0
    },
    "13": {
      "precision": 0.3248081841432225,
      "recall": 0.001861780104712042,
      "f1-score": 0.0037023386369646654,
      "support": 477500.0
    },
    "14": {
      "precision": 0.7054385340686711,
      "recall": 0.8304230366492147,
      "f1-score": 0.7628453251250481,
      "support": 477500.0
    },
    "15": {
      "precision": 0.07898206751054852,
      "recall": 0.0012544502617801048,