{
  "accuracy": 0.25211984126984127,
  "precision_weighted": 0.25651109506499653,
  "recall_weighted": 0.25211984126984127,
  "f1_weighted": 0.237612018708521,
  "confusion_matrix": [
    [
      78692,
      13879,
      721,
      0,
      4009,
      81610,
      30,
      13497,
      17672,
      75763,
      14524,
      30243,
      1582,
      1364,
      56570,
      0,
      187,
      10082,
      670,
      17516,
      61389
    ],
    [
      16274,
      338110,
      3650,
      0,
      756,
      20681,
      20,
      4113,
      15008,
      14060,
      5339,
      7321,
      6040,
      4797,
      21786,
      0,
      34,
      2588,
      1037,
      7316,
      11070
    ],
    [
      14823,
      8371,
      348945,
      0,
      707,
      15588,
      109,
      4365,
      16597,
      13687,
      2891,
      5580,
      3104,
      9575,
      11015,
      0,
      35,
      1927,
      8184,
      3787,
      10710
    ],
    [
      78608,
      13938,
      715,
      0,
      3937,
      81540,
      29,
      13388,
      17690,
      75744,
      14519,
      30282,
      1598,
      1366,
      56530,
      0,
      199,
      10065,
      660,
      17608,
      61584
    ],
    [
      76805,
      13273,
      703,
      0,
      6459,
      80900,
      28,
      14905,
      18773,
      70990,
      14518,
      36574,
      1763,
      1445,
      60864,
      0,
      125,
      11834,
      777,
      16179,
      53085
    ],
    [
      71779,
      20582,
      1643,
      0,
      2916,
      89360,
      74,
      14053,
      37877,
      59049,
      14102,
      24653,
      9003,
      4522,
      55765,
      0,
      125,
      5569,
      1380,
      18966,
      48582
    ],
    [
      14434,
      2920,
      700,
      0,
      721,
      17028,
      343602,
      3876,
      9041,
      14699,
      2711,
      5958,
      6040,
      9146,
      12151,
      0,
      32,
      2014,
      18046,
      4140,
      12741
    ],
    [
      61662,
      31575,
      10583,
      0,
      2949,
      52093,
      135,
      36166,
      35780,
      48928,
      17647,
      23485,
      21417,
      15640,
      50065,
      0,
      336,
      8249,
      6290,
      21158,
      35842
    ],
    [
      20962,
      44105,
      28333,
      0,
      1220,
      44378,
      1132,
      20087,
      106451,
      19753,
      5374,
      11919,
      54452,
      33771,
      36043,
      0,
      46,
      3602,
      15460,
      13066,
      19846
    ],
    [
      78429,
      13982,
      721,
      0,
      3987,
      81539,
      27,
      13573,
      17840,
      75654,
      14500,
      30464,
      1608,
      1365,
      56435,
      0,
      196,
      10103,
      661,
      17578,
      61338
    ],
    [
      70140,
      17630,
      947,
      0,
      3623,
      85687,
      49,
      15255,
      23373,
      68234,
      15391,
      28964,
      2267,
      2041,
      55718,
      0,
      181,
      9651,
      822,
      20695,
      59332
    ],
    [
      58127,
      17385,
      761,
      0,
      3795,
      68610,
      22,
      13869,
      25178,
      52685,
      11694,
      49204,
      3698,
      1868,
      95867,
      0,
      118,
      13154,
      943,
      13927,
      49095
    ],
    [
      17641,
      25998,
      26299,
      0,
      1043,
      35207,
      5108,
      19529,
      66507,
      17202,
      3848,
      10429,
      78816,
      34413,
      42889,
      0,
      44,
      4465,
      64197,
      10408,
      15957
    ],
    [
      19683,
      37702,
      21632,
      0,
      1065,
      32667,
      5442,
      15842,
      71916,
      19106,
      4363,
      9535,
      50003,
      94213,
      30455,
      0,
      49,
      3161,
      36928,
      9038,
      17200
    ],
    [
      19849,
      17929,
      633,
      0,
      1430,
      28216,
      16,
      7885,
      14107,
      18197,
      3940,
      18307,
      5592,
      2414,
      296260,
      0,
      38,
      19717,
      3713,
      5598,
      16159
    ],
    [
      78309,
      13963,
      733,
      0,
      3980,
      81877,
      28,
      13534,
      17931,
      75368,
      14563,
      30181,
      1632,
      1369,
      56545,
      0,
      166,
      10130,
      677,
      17770,
      61244
    ],
    [
      75102,
      15903,
      807,
      0,
      3764,
      83166,
      28,
      14375,
      19627,
      72751,
      14947,
      29580,
      1832,
      1594,
      56279,
      0,
      178,
      10049,
      740,
      18961,
      60317
    ],
    [
      29470,
      8297,
      578,
      0,
      1485,
      34620,
      129,
      7042,
      14059,
      31436,
      5512,
      23913,
      1945,
      1734,
      101213,
      0,
      92,
      173765,
      3403,
      7512,
      33795
    ],
    [
      18401,
      6109,
      10134,
      0,
      964,
      20529,
      9360,
      7445,
      18206,
      17954,
      3401,
      7766,
      17564,
      12432,
      25504,
      0,
      46,
      6139,
      278567,
      4723,
      14756
    ],
    [
      50406,
      18767,
      2891,
      0,
      2471,
      84382,
      25,
      18787,
      49357,
      46307,
      13789,
      21983,
      6447,
      1820,
      51687,
      0,
      87,
      7374,
      1192,
      50844,
      51384
    ],
    [
      59970,
      11597,
      1061,
      0,
      3027,
      81714,
      37,
      15299,
      23853,
      69424,
      11750,
      26626,
      2470,
      2047,
      59217,
      0,
      166,
      10616,
      1035,
      19400,
      80691
    ]
  ],
  "classification_report": {
    "0": {
      "precision": 0.0779463650717239,
      "recall": 0.16394166666666668,
      "f1-score": 0.10565762107889144,
      "support": 480000.0
    },
    "1": {
      "precision": 0.48858767512264906,
      "recall": 0.7043958333333333,
      "f1-score": 0.5769721377286127,
      "support": 480000.0
    },
    "2": {
      "precision": 0.7533517562987111,
      "recall": 0.72696875,
      "f1-score": 0.7399251476372735,
      "support": 480000.0
    },
    "3": {
      "precision": 0.0,
      "recall": 0.0,
      "f1-score": 0.0,
      "support": 480000.0
    },
    "4": {
      "precision": 0.1189327539220741,
      "recall": 0.01345625,
      "f1-score": 0.024177066411133652,
      "support": 480000.0
    },
    "5": {
      "precision": 0.07438038541957995,
      "recall": 0.18616666666666667,
      "f1-score": 0.10629288113658207,
      "support": 480000.0
    },
    "6": {
      "precision": 0.9402676299154421,
      "recall": 0.7158375,
      "f1-score": 0.8128455342251871,
      "support": 480000.0
    },
    "7": {
      "precision": 0.1260644509123865,
      "recall": 0.07534583333333333,
      "f1-score": 0.09431922648115428,
      "support": 480000.0
    },
    "8": {
      "precision": 0.16715422796513427,
      "recall": 0.22177291666666665,
      "f1-score": 0.1906284052458582,
      "support": 480000.0
    },
    "9": {
      "precision": 0.07905403499092468,
      "recall": 0.1576125,
      "f1-score": 0.10529502272456821,
      "support": 480000.0
    },
    "10": {
      "precision": 0.0735275148932511,
      "recall": 0.032064583333333334,
      "f1-score": 0.04465540827739681,
      "support": 480000.0
    },
    "11": {
      "precision": 0.10627971324090053,
      "recall": 0.10250833333333334,
      "f1-score": 0.10435996169537216,
      "support": 480000.0
    },
    "12": {
      "precision": 0.2826232729593758,
      "recall": 0.1642,
      "f1-score": 0.20771855106190365,
      "support": 480000.0
    },
    "13": {
      "precision": 0.3943022399303579,
      "recall": 0.19627708333333332,
      "f1-score": 0.26209008868661465,
      "support": 480000.0
    },
    "14": {
      "precision": 0.22986240532316204,