{
  "model": "LinearSVC",
  "target_column": "is_faulty",
  "task_type": "binary",
  "class_labels": [
    0,
    1
  ],
  "feature_count": 52,
  "train_rows_used": 200000,
  "validation_rows_used": 50000,
  "eval_rows_used": 144000,
  "train_runs_used": 400,
  "validation_runs_used": 100,
  "eval_runs_used": 150,
  "metrics": {
    "accuracy": 0.4846666666666667,
    "precision_weighted": 0.9325782637235122,
    "recall_weighted": 0.4846666666666667,
    "f1_weighted": 0.5985631726202539,
    "confusion_matrix": [
      [
        7759,
        881
      ],
      [
        73327,
        62033
      ]
    ],
    "classification_report": {
      "0": {
        "precision": 0.09568852822928742,
        "recall": 0.8980324074074074,
        "f1-score": 0.17294875509885652,
        "support": 8640.0
      },
      "1": {
        "precision": 0.9859967574784627,
        "recall": 0.4582816193853428,
        "f1-score": 0.6257300503343858,
        "support": 135360.0
      },
      "accuracy": 0.4846666666666667,
      "macro avg": {
        "precision": 0.5408426428538751,
        "recall": 0.6781570133963751,
        "f1-score": 0.39933940271662116,
        "support": 144000.0
      },
      "weighted avg": {
        "precision": 0.9325782637235122,
        "recall": 0.4846666666666667,
        "f1-score": 0.5985631726202539,
        "support": 144000.0
      }
    }
  },
  "default_threshold": 0.0,
  "default_threshold_eval_metrics": {
    "accuracy": 0.4846666666666667,
    "precision_weighted": 0.9325782637235122,
    "recall_weighted": 0.4846666666666667,
    "f1_weighted": 0.5985631726202539,
    "confusion_matrix": [
      [
        7759,
        881
      ],
      [
        73327,
        62033
      ]
    ],
    "classification_report": {
      "0": {
        "precision": 0.09568852822928742,
        "recall": 0.8980324074074074,
        "f1-score": 0.17294875509885652,
        "support": 8640.0
      },
      "1": {
        "precision": 0.9859967574784627,
        "recall": 0.4582816193853428,
        "f1-score": 0.6257300503343858,
        "support": 135360.0
      },
      "accuracy": 0.4846666666666667,
      "macro avg": {
        "precision": 0.5408426428538751,
        "recall": 0.6781570133963751,
        "f1-score": 0.39933940271662116,
        "support": 144000.0
      },
      "weighted avg": {
        "precision": 0.9325782637235122,
        "recall": 0.4846666666666667,
        "f1-score": 0.5985631726202539,
        "support": 144000.0
      }
    }
  },
  "validation_threshold_selection": {
    "threshold": 0.10036390266627937,
    "false_alarm_rate": 0.041666666666666664,
    "recall": 0.5292553191489362,
    "f1": 0.6909722222222222
  },
  "recommended_threshold": {
    "threshold": 0.10036390266627937,
    "validation_false_alarm_rate": 0.041666666666666664,
    "validation_recall": 0.5292553191489362,
    "validation_f1": 0.6909722222222222,
    "eval_false_alarm_rate": 0.03935185185185185,
    "eval_recall": 0.40445478723404255,
    "eval_precision": 0.9938279448871785,
    "eval_f1": 0.5749316082689673
  },
  "threshold_metrics_path": "results/svm/svm_validation_threshold_metrics.csv"
}